,EID,FirstName,LastName,username,password
0,0001,Richard,Guzman,richardguzman,Ri1Gu!
1,0002,Antonina,Larkin,antoninalarkin,An2La!
2,0003,Ann,Fisher,annfisher,An3Fi!
3,0004,Joe,Valcarcel,joevalcarcel,Jo4Va!
4,0005,Gregory,Gibson,gregorygibson,Gr5Gi!
5,0006,Earl,James,earljames,Ea6Ja!
6,0007,Don,Rodriquez,donrodriquez,Do7Ro!
7,0008,Paul,Court,paulcourt,Pa8Co!
8,0009,Donald,Marx,donaldmarx,Do9Ma!
9,0010,James,Krammes,jameskrammes,Ja10Kr!
10,0011,Arlene,Mcclain,arlenemcclain,Ar11Mc!
11,0012,Robert,Hunnings,roberthunnings,Ro12Hu!
12,0013,Kim,Prater,kimprater,Ki13Pr!
13,0014,Beverly,Massie,beverlymassie,Be14Ma!
14,0015,Brian,Easter,brianeaster,Br15Ea!
15,0016,Holly,Stull,hollystull,Ho16St!
16,0017,Evelynn,Ibrahim,evelynnibrahim,Ev17Ib!
17,0018,Williams,Belflower,williamsbelflower,Wi18Be!
18,0019,Ross,Chapman,rosschapman,Ro19Ch!
19,0020,Gayle,Stone,gaylestone,Ga20St!
